absolute_frequency,relative_frequency
2251,0.09390905298289529
21719,0.9060909470171047
